context_id,context_name,context_immediate_parent_id
1,Human activity,-1
2,Belief,1
3,Knowledge,1
4,Pseudoscience,2
5,Religion,2
6,Superstition and magic,2
7,Traditional belief,2
8,Art,3
9,Science,3
10,Technology,3
11,Architecture pseudoscience,4
12,Astronomy and space pseudoscience,4
13,Miscellaneous pseudoscience,4
14,Consumer products pseudoscience,4
15,Earth pseudoscience,4
16,Energy pseudoscience,4
17,Health and medicine quackery,4
18,Idiosyncratic ideas,4
19,Numerology pseudoscience,4
20,Paranormal and ufology,4
21,Physics pseudoscience,4
22,Psychology pseudoscience,4
23,Racial theory pseudoscience,4
24,Religious and spiritual pseudoscience,4
25,Sociology pseudoscience,4
26,Acosmism,5
27,Agnosticism,5
28,Animism,5
29,Atheism,5
30,Deism,5
31,Gnosticism,5
32,Jainism,5
33,Mysticism,5
34,Scientology,5
35,Theism,5
36,Magic,6
37,Superstition,6
38,Folklore,7
39,Mythology,7
40,Decorative art,8
41,History of art,8
42,Performing art,8
43,Visual art,8
44,Applied science,9
45,Mathematics,9
46,Natural science,9
47,Social science,9
48,Equipment,10
49,Industry,10
50,Instrument,10
51,Invention,10
52,Machinery,10
53,Time measurement,10
54,Toy,10
55,Utensil,10
56,2012 millenarianism,12
57,Ancient astronauts,12
58,Astrology,12
59,Dogon people and Sirius B,12
60,Geocentric model,12
61,Lunar effect,12
62,Modern flat earth beliefs,12
63,Moon landing conspiracy theories,12
64,Nibiru cataclysm,12
65,The face on Mars,12
66,Vaim?nika Sh?stra,12
67,Worlds in collision,12
68,Acupuncture,17
77,Chiropractic,17
78,Chromotherapy,17
87,Eugenics,17
89,Homeopathy,17
97,Naturopathy,17
100,Osteopathy,17
101,Pagtatawas,17
102,Phrenology,17
103,Psychic surgery,17
106,Reiki,17
107,Rife machine treatment,17
116,Monotheism,35
117,Pandeism,35
118,Panentheism,35
119,Pantheism,35
120,Polytheism,35
121,Value-judgment theism,35
122,Alchemy,36
123,Asatru,36
124,Benedicana,36
125,Black magic,36
126,Bon,36
127,Candomble Jeje,36
128,Ceremonial magic,36
129,Chaos magic,36
130,Druidry,36
131,Feri tradition,36
132,Haitian Vodou,36
133,Hermetic Qabalah,36
134,Hermeticism,36
135,Hoodoo,36
136,Huna,36
137,Kabbalah,36
138,Louisiana Voodoo,36
139,Nagual,36
140,Obeah,36
141,Onmyodo,36
142,Legend,38
143,Myth,38
144,Oral tale,38
145,Tradition,38
146,African mythology,39
147,Arabic mythology,39
148,Australian mythology,39
149,Aztec mythology,39
150,Balkan region mythology,39
151,Baltic mythology,39
152,Basque mythology,39
153,Buddhist mythology,39
154,Celtic mythology,39
155,Chinese mythology,39
156,Christian mythology,39
157,Egyptian mythology,39
158,Etruscan mythology,39
159,Fijian mythology,39
160,Finnish mythology,39
161,Greco-Roman mythology,39
162,Hawaiian mythology,39
163,Hebrew mythology,39
164,Hindu mythology,39
165,Hittite mythology,39
166,Carving,40
167,Enamel,40
169,Fretwork,40
170,Furniture,40
171,Glassware,40
172,Jewelry,40
173,Metalwork,40
174,Mosaics,40
175,Pottery,40
176,Textile art,40
177,Wallpaper,40
178,Circus arts,42
179,Dance,42
180,Magic performance,42
181,Mime,42
182,Music,42
183,Opera,42
184,Performance art,42
185,Public speaking,42
186,Puppetry,42
187,Recitation,42
188,Spoken word,42
189,Theatre,42
190,Applied art,43
191,Ceramics,43
192,Fine art,43
193,Engineering,44
194,Medicine,44
195,Algebra,45
196,Analysis,45
197,Applied mathematics,45
198,Combinatorics,45
199,Geometry,45
200,History of mathematics,45
201,Mathematical logic,45
202,Mathematical modeling,45
203,Number theory,45
204,Recreational mathematics,45
205,Topology,45
206,Life science,46
207,Physical science,46
208,Anthropology,47
209,Archaeology,47
210,Business,47
211,Civics,47
212,Cognitive Science,47
213,Communication,47
214,Cultural studies,47
215,Development studies,47
216,Economics,47
217,Environmental studies,47
218,Gender and sexuality studies,47
219,Geography,47
220,Gerontology,47
221,History,47
222,Industrial relations,47
223,Information science,47
224,International studies,47
225,Law,47
226,Legal management,47
227,Leisure studies,47
228,Library science,47
229,Management,47
230,Media studies,47
231,Philosophy,47
232,Political science,47
233,Psychology,47
234,Social work,47
235,Sociology,47
236,Sustainability studies,47
237,Sustainable development,47
238,Communication technology,48
239,Cutting and edge tool,48
240,Electrical equipment,48
241,Environment protection equipment,48
242,Fastening tool,48
243,"Guiding, measuring and perception tool",48
244,Information and data manipulation tool,48
245,Military technology,48
246,Moving tool,48
247,Multi-use tool,48
248,Office supply,48
249,Photography equipment,48
250,Safety and emergency equipment,48
251,Shaping tool,48
252,Temperature and ignition tool,48
253,Video technology,48
254,"Agriculture, forestry, fishing and hunting",49
255,"Mining, quarrying and oil and gas",49
256,Utilities,49
257,Construction,49
258,Manufacturing,49
259,Wholesale trade,49
260,Retail trade,49
261,Transportation and warehousing,49
262,Information,49
263,Finance and insurance,49
264,"Real estate, rental and leasing",49
265,"Professional, scientific and technical services",49
266,Management of companies and enterprises,49
267,"Administrative, support, waste management and remediation services",49
268,Educational services,49
269,Health care and social assistance,49
270,"Arts, entertainment and recreation",49
271,Accomodation and food services,49
272,Public administration,49
273,Miscellaneous services,49
274,Financial instrument,50
275,Flight instrument,50
276,Laboratory equipment,50
277,Legal instrument,50
278,Mathematical instrument,50
279,Measuring instrument,50
280,Medical instrument,50
281,Musical instrument,50
282,Negotiable instrument,50
283,Optical instrument,50
284,Quantum instrument,50
285,Scientific instrument,50
286,Statutory instrument,50
287,Surgical instrument,50
288,Vehicle instrument,50
289,Weather instrument,50
290,Compressor,52
291,Conveyor system,52
292,Electronic machine,52
293,Engine,52
294,Linkage,52
295,Miscellaneous machinery,52
296,Power tool,52
297,Pump,52
298,Simple machine tool,52
299,Vehicle,52
300,Calendar,53
301,Clock,53
302,Kitchenware,55
303,Tableware,55
304,Abrahamic religion,116
305,Atenism,116
306,Chinese Shangdi,116
307,Henotheism,116
308,Monolatrism,116
309,Monotheist indigenous African religion,116
310,Proto-Indo-European religion,116
311,Sikhism,116
312,Syncretistic religion,116
313,Tengriism,116
314,Buddhism,120
315,Neopaganism,120
316,Polytheist Hinduism,120
317,Reconstrutionism,120
318,Serer religion,120
319,Wicca,120
320,Acoustic music,182
321,Miscellaneous music,182
322,Ancient music,182
323,Anime music,182
324,Background music,182
325,Blues,182
326,Ceremonial music,182
327,Children music,182
328,Classical music,182
329,Close harmony,182
330,Comedy music,182
331,Commercial music,182
332,Country music,182
333,Dance music,182
334,Easy listening,182
335,Electronic music,182
336,Experimental music,182
337,Fingerstyle music,182
338,Folk dance music,182
339,Hip hop,182
340,History of music,182
341,Holiday music,182
342,Improvisational music,182
343,Industrial music,182
344,Inspirational music,182
345,Instrumental music,182
346,Jazz,182
347,Karaoke,182
348,Latin music,182
349,Melodic music,182
350,Music drama,182
351,Musical poetry,182
352,Noise music,182
353,Outsider music,182
354,Pop music,182
355,Popular song,182
356,Queercore,182
357,R&B,182
358,Rap,182
359,Reggae,182
360,Retro music,182
361,Rock music,182
362,Seapunk,182
363,Situational music,182
364,Songwriter music,182
365,Soul music,182
366,Soundtrack music,182
367,Spectral music,182
368,Spoken word music,182
369,Tejano,182
370,Theme music,182
371,Underground music,182
372,Vocal music,182
373,Women music,182
374,Wood sounds,182
375,Work song,182
376,World music,182
377,Fashion design,190
378,Graphic design,190
379,Industrial design,190
380,Interior design,190
381,Architecture,192
382,Crafts,192
383,Design and creativity,192
384,Drawing,192
385,Filmmaking,192
386,Literature,192
387,Painting,192
388,Photography,192
389,Printmaking,192
390,Sculpture,192
391,Video,192
392,Aerospace Engineering,193
393,Agricultural Engineering,193
394,Applied Engineering,193
395,Biological Engineering,193
396,Biomedical Engineering,193
397,Building services Engineering,193
398,Chemical Engineering,193
399,Civil Engineering,193
400,Electrical Engineering,193
401,Industrial Engineering,193
402,Miscellaneous Engineering,193
403,Mechanical Engineering,193
404,Mechatronics Engineering,193
405,Military Engineering,193
406,Nanoengineering,193
407,Nuclear Engineering,193
408,Railway Engineering,193
409,Software Engineering,193
410,Systems Engineering,193
411,Textile Engineering,193
412,Allergic medicine,194
413,Anesthesiology,194
414,Audiology,194
415,Biochemistry,194
416,Biomechanics,194
417,Biophysics,194
418,Biostatistics,194
419,Cytology,194
420,Dentistry,194
421,Dermatology,194
422,Diagnostic specialty,194
423,Dietetics,194
424,Emergency medicine,194
425,Epidemiology,194
426,Family practice,194
427,Gynecology,194
428,Immunology,194
429,Interdisciplinary medicine,194
430,Internal medicine,194
431,Kinesiology,194
432,Medical genetics,194
433,Medical physics,194
434,Medical technology,194
435,Microbiology,194
436,Midwifery,194
437,Molecular biology,194
438,Neuropsychology,194
439,Neuroscience,194
440,Nursing,194
441,Nutrition science,194
442,Obstetrics,194
443,Ophthalmology,194
444,Otorhinolaryngology,460
445,Palliative care,194
446,Pathology,194
447,Pharmaceutical medicine,194
448,Pharmacology,194
449,Pharmacy,194
450,Photobiology,194
451,Physical medicine and rehabilitation,194
452,Physiotherapy,194
453,Preventive medicine,194
454,Proctology,194
455,Psychiatry,194
456,Radiobiology,194
457,Sleep medicine,194
458,Speech-language pathology,194
459,Stomatology,194
460,Surgery,194
461,Toxicology,194
462,Translational medicine,194
463,Actuarial science,197
464,Computer science,197
465,Game theory,197
466,Mathematical education,197
467,Mathematical programming,197
468,Numerical analysis,197
469,Operations research,197
470,Probability,197
471,Statistics,197
472,Systems theory,197
473,Botany,206
474,Cell biology,206
475,Ecology,206
476,Human biology,206
477,Zoology,206
478,Astronomy,207
479,Chemistry,207
480,Earth science,207
481,Physics,207
482,Accountancy,210
483,Operations management,210
484,Corporate finance,210
485,Human resources management,210
486,Strategy,210
487,Supply chain,210
488,Marketing,210
489,Organizational studies,210
490,Distribution and logistics,210
491,Communication studies,213
492,Conversation analysis,213
493,Crisis communication,213
494,Discourse analysis,213
495,Environmental communication,213
496,Interpersonal communication,213
497,Linguistics,213
498,Mass communication,213
499,Mediated cross-border communication,213
500,Organizational communication,213
501,Political communication,213
502,Risk communication,213
503,Science communication,213
504,Cartography,219
505,Environmental geography,219
506,Human geography,219
507,Regional geography,219
508,Urban planning,219
509,Constitutional and administrative law,225
510,Contract law,225
511,Criminal law,225
512,Equity and trust law,225
513,International law,225
514,Law and commerce,225
515,Law and regulation,225
516,Law and society,225
517,Property law,225
518,Tort law,225
519,Leisure,227
520,Sport and recreation,227
521,Tourism,227
522,Epistemology,231
523,History of philosophy,231
524,Logic philosophy,231
525,Value theory,231
526,Metaphysics,231
527,Comparative politics,232
528,Geopolitics,232
529,Ideology,232
530,International relations theory,232
531,Political economy,232
532,political geography,232
533,Psephology,232
534,Public administration,232
535,Voting systems,232
536,Forestry and logging,254
537,"Fishing, hunting and trapping",254
539,Oil and gas,255
540,Mining,255
542,"Electric power generation, transmission and distribution",256
543,Natural gas distribution,256
544,Water and sewage systems,256
545,Construction of buildings,257
546,Heavy and civil engineering construction,257
547,Specialty trade construction contractors,257
548,Food manufacturing,258
549,Beverage and tobacco product manufacturing,258
550,Textile mills,258
552,Apparel manufacturing,258
553,Leather and allied product manufacturing,258
554,Wood product manufacturing,258
555,Paper manufacturing,258
556,Printing and related support activities,258
557,Petroleum and coal products manufacturing,258
558,Chemical manufacturing,258
559,Plastics and rubber products manufacturing,258
560,Nonmetallic mineral products manufacturing,258
561,Primary metal manufacturing,258
562,Fabricated metal products manufacturing,258
563,Machinery manufacturing,258
564,"Electrical equipment, appliance and component manufacturing",258
565,Transportation equipment manufacturing,258
566,Furniture and related products manufacturing,258
567,Miscellaneous manufacturing,258
568,"Merchant wholesalers, durable goods",259
569,"Merchant wholesalers, nondurable goods",259
570,Wholesale electronic markets and agents and brokers,259
571,Motor vehicle and parts dealers,260
572,Furniture and home furnishings stores,260
573,Electronics and appliance stores,260
574,Building material and garden equipment and supplies dealers,260
575,Food and beverage stores,260
576,Health and personal care stores,260
577,Gasoline stations,260
578,Clothing and clothing accessories stores,260
579,"Sporting goods, hobby, musical instrument, and book stores",260
580,General merchandise stores,260
581,Miscellaneous store retailers,260
582,Nonstore retailers,260
583,Air transportation,261
584,Rail transportation,261
585,Water transportation,261
586,Truck transportation,261
587,Transit and ground passenger transportation,261
588,Pipeline transportation,261
589,Scenic and sightseeing transportation,261
590,Support activities for transportation,261
591,Postal service,261
592,Couriers and messengers,261
593,Warehousing and storage,261
594,Publishing industries,262
595,Motion picture and sound recording industries,262
596,Broadcasting,262
597,Telecommunications,262
598,"Data processing, hosting, and related services",262
599,News syndicates,262
600,Librairies and archives,262
601,"Internet publishing, broadcasting and web search portals",262
602,Miscellaneous information services,262
603,Monetary authorities - Central bank,263
604,Credit intermediation and related activities,263
605,"Securities, commodity contracts, and other financial investments and related activities",263
606,Insurance carriers and related activities,263
607,"Funds, trusts and other financial vehicles",263
608,Bakeware,302
609,Cookware,302
610,Kitchen appliances,302
611,Ovenware,302
612,Cutlery,303
613,Drinkware,303
614,Serving dish,303
615,Baha I faith,304
616,Christianity,304
617,Islam,304
618,Judaism,304
619,Sabianism,304
620,Hellenistic religion,307
621,Monotheist Hinduism,307
622,Zoroastrianism,307
623,Acoustic blues,325
624,British blues,325
625,Chicago blues,325
626,Classic blues,325
627,Classic female blues,325
628,Contemporary blues,325
629,Country blues,325
630,Delta blues,325
631,Detroit blues,325
632,East Coast blues,325
633,Electric blues,325
634,Harmonica blues,325
635,Miscellaneous blues,325
636,Jump blues,325
637,Kansas City blues,325
638,Louisiana blues,325
639,Memphis blues,325
640,New Orleans blues,325
641,New York blues,325
642,Piano blues,325
643,Piedmont blues,325
644,Punk blues,325
645,Ragtime blues,325
646,St. Louis blues,325
647,Swamp blues,325
648,Talking blues,325
649,Texas blues,325
650,Western blues,325
651,Avant-garde classical,328
652,Ballet music,328
653,Baroque music,328
654,Ca trù,328
655,Carnatic,328
656,Chamber,328
657,Choral,328
658,Classical crossover,328
659,Concerto,328
660,Concerto grosso,328
661,Contemporary classical,328
662,Dadra,328
663,Dadra tala,328
664,Dhamar,328
665,Dhrupad,328
666,Dhun,328
667,Early music,328
668,Epic music,328
669,Expressionist music,328
670,Gagaku,328
671,Galant music,328
672,High classical,328
673,Hindustani classical,328
674,Impressionist music,328
675,Khyal,328
676,Klasik,328
677,Klezmer,328
678,Kriti,328
679,Mahori,328
680,Medieval music,328
681,Minimalism music,328
682,Modern classical,328
683,Modern composition,328
684,Mugham,328
685,Nanguan music,328
686,Opera music,328
687,Orchestral music,328
688,Piphat,328
689,Pleng Thai sakorn,328
690,Program symphony,328
691,Renaissance music,328
692,Romantic music,328
693,Scottish baroque music,328
694,Second Viennese school,328
695,Serialism,328
696,Sonata,328
697,Symphony,328
698,Tai tu,328
699,Tala,328
700,Miscellaneous classical music,328
701,Alternative country,332
702,Americana,332
703,Australian country,332
704,Bakersfield sound,332
705,Bluegrass,332
706,Classic country,332
707,Contemporary country,332
708,Country folk,332
709,Country gospel,332
710,Country pop,332
711,Country rap,332
712,Country rock,332
713,Cowpunk,332
714,Miscellaneous country music,332
715,Honky tonk,332
716,Nashville sound,332
717,Neotraditional country,332
718,Outlaw country,332
719,Traditional country,332
720,Urban cowboy,332
721,Alternative dance,333
722,Balearic beat,333
723,Bass,333
724,Beat,333
725,Bikutsi,333
726,Breakbeat,333
727,Breakbeat hardcore,333
728,Broken beat,333
729,Brostep,333
730,Bubblegum dance,333
731,Chillstep,333
732,Club music,333
733,Coupé-décalé,333
734,Dance-pop,333
735,Dance-punk,333
736,Dance-rock,333
737,Miscellaneous dance music,333
738,Deep house,333
739,Disco polo,333
740,Drum and bass,333
741,Dubstep,333
742,Dubstyle,333
743,Dubtronica,333
744,Electro backbeat,333
745,Electro house,333
746,Electronic body music,333
747,Electronic dance,333
748,Electroswing,333
749,Eurodance,333
750,Exercise,333
751,Freakbeat,333
752,Funaná,333
753,Future bass,333
754,Future Garage,333
755,Futurepop,333
756,Garage,333
757,Glitch,333
758,Grime,333
759,Hard dance,333
760,Hardcore,333
761,Hi-NRG,333
762,House,333
763,Indietronica,333
764,Jackin house,333
765,Jungle music,333
766,Liquid dub,333
767,Madchester,333
768,Nangma,333
769,New beat,333
770,Nortec,333
771,Post-dubstep,333
772,Rave,333
773,Regstep,333
774,Soukous,333
775,Speed garage,333
776,Speedcore,333
777,Strathspeys,333
778,Techno,333
779,Toeshey,333
780,Trance,333
781,Trap,333
782,Zouglou,333
783,2-step garage,335
784,8-bit,335
785,Ambient music,335
786,Bassline,335
787,Miscellaneous electronic music,335
788,Big beat,335
789,Bitpop,335
790,Breakstep,335
791,Chill-out,335
792,Chiptune,335
793,Crunk,335
794,Downtempo,335
795,Electro,335
796,Electronic rock,335
797,Electronica,335
798,Electronicore,335
799,Electropop,335
800,Electropunk,335
801,Electro-swing,335
802,Hardstyle,335
803,IDM,335
804,Industrial,335
805,Mangue bit,335
806,Synthwave,335
807,Trip hop,335
808,UK garage,335
809,Vaporwave,335
810,Vomitstep,335
811,Avant-garde metal,336
812,Avant-punk,336
813,Biomusic,336
814,Freak folk,336
815,Free improvisation,336
816,Krautrock,336
817,Miscellaneous experimental music,336
818,Wonky,336
819,Charanga,338
820,Dabke,338
821,Flamenco music,338
822,Forró,338
823,Miscellaneous folk dance music,338
824,Jarana yucateca,338
825,Jenkka,338
826,Jig,338
827,Jing ping,338
828,Jota,338
829,Junkanoo,338
830,Kizomba,338
831,Kliningan,338
832,Kolomyjka,338
833,Kpanlogo,338
834,Krakowiak,338
835,Kwassa kwassa,338
836,Legényes,338
837,Letkajenkka,338
838,Mapouka,338
839,Maracatu,338
840,Marinera,338
841,Marrabenta,338
842,Matamuerte,338
843,Maxixe,338
844,Mazurka,338
845,Mbalax,338
846,Merengue,338
847,Milonga,338
848,Mozambique of Cuba,338
849,Murga,338
850,Musette,338
851,Nordic folk dance,338
852,Pelimanni music,338
853,Pols,338
854,Pow-wow music,338
855,Ramvong,338
856,Schottisch,338
857,Set dance,338
858,Sevillana,338
859,Shalako,338
860,Slängpolska,338
861,Táncház,338
862,Tarantella,338
863,Waltz,338
864,Alternative hip hop,339
865,Australian hip hop,339
866,Bounce,339
867,East Coast hip hop,339
868,Hardcore hip hop,339
869,Hip house,339
870,Horrorcore,339
871,Hyphy,339
872,Miami bass,339
873,Nerdcore,339
874,New school hip hop,339
875,Old school hip hop,339
876,Southern hip hop,339
877,Turntablism,339
878,West Coast hip hop,339
879,Miscellaneous hip hop,339
880,Electro-industrial,343
881,Industrial hip hop,343
882,Industrial musical,343
883,Industrial rock,343
884,Martial industrial,343
885,Neofolk,343
886,Post-industrial,343
887,Power noise (or rhythmic noise),343
888,Acid Jazz,346
889,Afro-Cuban jazz,346
890,Avant-garde Jazz,346
891,Bebop,346
892,Big Band,346
893,Blue Note,346
894,Brass,346
895,Miscellaneous jazz music,346
896,Cabaret,346
897,Contemporary Jazz,346
898,Cool,346
899,Cool jazz,346
900,Crossover Jazz,346
901,Dixieland,346
902,Dutch jazz,346
903,Ethio-jazz,346
904,Folk jazz,346
905,Free jazz,346
906,Fusion,346
907,Fusion jazz,346
908,Gypsy Jazz,346
909,Hard Bop,346
910,Humppa,346
911,Jazz blues,346
912,Jazz fusion,346
913,Jazz rap,346
914,Jazz-funk,346
915,Latin Jazz,346
916,Mainstream Jazz,346
917,Mambo,346
918,Mbaqanga,346
919,M-Base,346
920,Mushroom Jazz,346
921,Nu jazz,346
922,Organ trio,346
923,Punk jazz,346
924,Ragtime Jazz,346
925,Smooth Jazz,346
926,Soul jazz,346
927,Stride,346
928,Trad Jazz,346
929,Yass,346
930,Alternativo & Rock Latino,348
931,Argentine tango music,348
932,Baladas y Boleros,348
933,Bossa Nova,348
934,Brazilian,348
935,Contemporary Latin,348
936,Cumbia,348
937,Latin pop,348
938,Latin Swing,348
939,Nuevo Flamenco,348
940,Pop Latino,348
941,Portuguese fado,348
942,Raíces,348
943,Reggaeton y Hip-Hop,348
944,Regional Mexicano,348
945,Salsa music,348
946,Miscellaneous latin music,348
947,Arabic pop,354
948,Art pop,354
949,Asian Pop,354
950,Assyrian pop music,354
951,Bubblegum Pop,354
952,Cantopop,354
953,Dance Pop,354
954,Electro Pop,354
955,Emo pop,354
956,Europop,354
957,French Pop,354
958,Jamrieng samai,354
959,Jit,354
960,Jùjú,354
961,Kayokyoku,354
962,Kpop,354
963,Makossa,354
964,Música popular brasileira,354
965,Nederpop,354
966,New jack swing,354
967,New Taiwanese Song,354
968,Operatic Pop,354
969,Orchestral Pop,354
970,Pop Punk,354
971,Pop Rock,354
972,Ppongtchak,354
973,Soft Rock,354
974,Sophisti-pop,354
975,Sunshine pop,354
976,Synthpop,354
977,Taiwanese pop,354
978,Teen Pop,354
979,Tibetan pop,354
980,Tong guitar,354
981,Wong shadow,354
982,Miscellaneous pop music,354
983,Acid Rock,361
984,Adult Alternative,361
985,Adult-Oriented Rock,361
986,Afro Punk,361
987,Alternative music,361
988,American Trad Rock,361
989,Anatolian Rock,361
990,Arena Rock,361
991,Argentine rock,361
992,Art Rock,361
993,Australian pub rock,361
994,Bent edge,361
995,Blackened death metal,361
996,Blues rock,361
997,British Invasion,361
998,Cello rock,361
999,Chinese rock,361
1000,Cock Rock,361
1001,Comedy rock,361
1002,Crunkcore,361
1003,Cybergrind,361
1004,Danger,361
1005,Dark pop,361
1006,Garage rock,361
1007,Girl group,361
1008,Glam Rock,361
1009,Gothic Metal,361
1010,Grind Core,361
1011,Grupera,361
1012,Hard Rock,361
1013,Heartland rock,361
1014,Jam Bands,361
1015,Kiwi rock,361
1016,Math Metal,361
1017,Math Rock,361
1018,Metal,361
1019,Metal Core,361
1020,Mexican rock,361
1021,Minneapolis sound,361
1022,Modern rock,361
1023,Neue Deutsche Härte,361
1024,Noise Rock,361
1025,Pagan rock,361
1026,Post Punk,361
1027,Post-grunge,361
1028,Post-punk,361
1029,Power duo,361
1030,Prog-Rock,361
1031,Protopunk,361
1032,Psychedelic,361
1033,Psychobilly,361
1034,Pub rock,361
1035,Punk rock,361
1036,Reel music,361
1037,Rock & Roll,361
1038,Rock en español,361
1039,Rock opera,361
1040,Rockabilly,361
1041,Roots Rock,361
1042,Shock rock,361
1043,Songwriter rock,361
1044,Southern metal,361
1045,Southern Rock,361
1046,Space rock,361
1047,Spazzcore,361
1048,Stoner Metal,361
1049,Suomirock,361
1050,Surf music,361
1051,Technical Death Metal,361
1052,Time Lord Rock,361
1053,Trash Metal,361
1054,Miscellaneous rock music,361
1055,Wizard rock,361
1056,African music,376
1057,Asian music,376
1058,Australian music,376
1059,Cajun music,376
1060,Calypso music,376
1061,Caribbean music,376
1062,Central American music,376
1063,Dangdut,376
1064,Drinking Songs,376
1065,Drone,376
1066,Miscellaneous world music,376
1067,European music,376
1068,Exotica,376
1069,Goombay,376
1070,Gunchei,376
1071,Hawaiian music,376
1072,Arabic music,376
1073,North American music,376
1074,Ode,376
1075,Polka,376
1076,Soca,376
1077,South American music,376
1078,Worldbeat,376
1079,Zydeco music,376
1080,African architecture,381
1081,American architecture,381
1082,Byzantine architecture,381
1083,Contemporary architecture,381
1084,Eastern Asia architecture,381
1085,European architecture,381
1086,Islamic architecture,381
1087,Neolithic architecture,381
1088,Newa architecture,381
1089,Ottoman architecture,381
1090,Southern Asia architecture,381
1091,Sumerian architecture,381
1092,Miscellaneous architecture,381
1094,Caricature,384
1095,Fashion illustration,384
1096,Figure drawing,384
1097,Gesture drawing,384
1098,Line art,384
1099,Portrait,384
1100,Scratchboard,384
1101,Silhouette,384
1102,Silverpoint,384
1103,Sketch,384
1104,Stick figure,384
1105,Technical drawing/technical illustration,384
1106,Anime drawing,384
1107,Cartoon,384
1108,Comics,384
1109,Drama,386
1110,Poetry,386
1111,Prose,386
1112,Clinical laboratory,422
1113,Clinical neurophysiology,422
1114,Nuclear medicine,422
1115,Radiology,422
1116,Addiction medicine,429
1117,Aerospace medicine,429
1118,Clinical pharmacology,429
1119,Conservation medicine,429
1120,Disaster medicine,429
1121,Diving medicine,429
1122,Evolutionary medicine,429
1123,Forensic medicine,429
1124,Gender-based medicine,429
1125,Health informatics,429
1126,Hospice and palliative medicine,429
1127,Hospital medicine,429
1128,Laser medicine,429
1129,Medical ethics,429
1130,Medical humanities,429
1131,Nosokinetics,429
1132,Nosology,429
1133,Occupational medicine,429
1134,Pain management,429
1135,Pharmacogenomics,429
1136,Podiatric medicine,429
1137,Sexual medicine,429
1138,Sports medicine,429
1139,Therapeutics,429
1140,Travel medicine,429
1141,Tropical medicine,429
1142,Urgent care,429
1143,Veterinary medicine,429
1144,Wilderness medicine,429
1145,Angiology,430
1146,Cardiology,430
1147,Critical care medicine,430
1148,Endocrinology,430
1149,Gastroenterology,430
1150,Geriatrics,430
1151,Hematology,430
1152,Hepatology,430
1153,Infectious disease,430
1154,Nephrology,430
1155,Neurology,430
1156,Oncology,430
1157,Pediatrics,430
1158,Pulmonology,430
1159,Rheumatology,430
1160,Craniofacial surgery,460
1161,Dental surgery,460
1162,General surgery,460
1163,Neurosurgery,460
1164,Oral and maxillofacial surgery,460
1165,Orthopaedic surgery,460
1166,Plastic surgery,460
1167,Colorectal surgenry,460
1168,Urology,460
1169,Plant and fungi,473
1170,Plant histology,473
1171,Plant cytology,473
1172,Plant physiology,473
1174,Plant ecology,473
1175,Plant geography,473
1176,Plant genetics,473
1177,Plant breeding,473
1178,Plant embryology,473
1179,Paleobotany,473
1180,Economic botany,473
1181,Plant pathology,473
1182,Plant organic evolution,473
1183,Phytochemistry,473
1184,Palynology,473
1185,Agronomy,473
1186,Horticulture,473
1187,Pharmacognosy,473
1188,Human anatomy,476
1189,Human embryology,476
1190,Human histology,476
1191,Human physiology,476
1192,Animal,477
1193,Acarology,477
1194,Amphibiology,477
1195,Arachnology,477
1196,Carcinology,477
1197,Cetology,477
1198,Coccidology,477
1199,Conchology,477
1201,Cynology,477
1202,Echinology,477
1203,Entomology,477
1204,Malacology,477
1205,Mammalogy,477
1206,Ornithology,477
1207,Paleomammalogy,477
1208,Zoogeography,477
1209,Zoopathology,477
1210,Zoophysiology,477
1211,Zoophytology,477
1212,Primatology,477
1213,Protozoology,477
1214,Herpetology,477
1215,Ichthyology,477
1216,Ophiology,477
1217,Archaeoastronomy,478
1218,Astrobiology,478
1219,Astrochemistry,478
1220,Astrodynamics,478
1221,Astrometry,478
1222,Astrophysics,478
1223,Planetary science,478
1224,Geology,480
1225,Geophysics,480
1226,Physical geography,480
1227,Acoustics,481
1228,Agrophysics,481
1229,"Atomic, molecular, and optical physics",481
1230,Classical physics,481
1231,Computational physics,481
1232,Condensed matter physics,481
1233,Cryogenics,481
1234,Econophysics,481
1235,Electromagnetism,481
1236,Homeokinetics,481
1237,Materials physics,481
1238,Mathematical physics,481
1239,Mechanics,481
1240,Nuclear physics,481
1241,Optics,481
1242,Particle physics,481
1243,Plasma physics,481
1244,Polymer physics,481
1245,Quantum physics,481
1246,Relativity,481
1247,Solid state physics,481
1248,Statics,481
1249,Statistical mechanics,481
1250,Theoretical physics,481
1251,Vehicle dynamics,481
1252,Agrochemistry,479
1253,Analytical chemistry,479
1254,Chemical oceanography,479
1255,Chemo-informatics,479
1256,Flow chemistry,479
1257,Immunochemistry,479
1258,Immunohistochemistry,479
1259,Inorganic chemistry ,479
1260,Materials science,479
1261,Mathematical chemistry,479
1262,Mechanochemistry,479
1263,Molecular mechanics,479
1264,Nuclear chemistry ,479
1265,Oenology,479
1266,Organic chemistry ,479
1267,Petrochemistry,479
1268,Physical chemistry ,479
1269,Phytochemistry,479
1270,Radiochemistry,479
1271,Sonochemistry,479
1272,Synthetic chemistry,479
1273,Wet chemistry,479
1274,Recreation,520
1275,Sport,520
1276,Constructivism,522
1277,Deconstructionism,522
1278,Empiricism,522
1279,Externalism,522
1280,Fallibilism,522
1281,Foundationalism,522
1282,Historicism,522
1283,Holism,522
1284,Instrumentalism,522
1285,Internalism,522
1286,Logical Positivism,522
1287,Ordinary Language Philosophy,522
1288,Phenomenalism,522
1289,Positivism,522
1290,Pragmatism,522
1291,Rationalism,522
1292,Representationalism,522
1293,Scientism,522
1294,Skepticism,522
1295,Verificationism,522
1296,Atomism,526
1297,Determinism,526
1298,Dualism,526
1299,Essentialism,526
1300,Existentialism,526
1301,Fideism,526
1302,Idealism,526
1303,Intellectualism,526
1304,Monism,526
1305,Naturalism,526
1306,Nihilism,526
1307,Nominalism,526
1308,Objectivism,526
1309,Phenomenology,526
1310,Physicalism,526
1311,Pluralism,526
1312,Realism,526
1313,Reductionism,526
1314,Relativism,526
1316,Solipsism,526
1317,Subjectivism,526
1318,Voluntarism,526
1319,Timber tract operations,536
1320,Forest nurseries and gathering of forest products,536
1321,Logging,536
1322,Fishing,537
1323,Hunting and trapping,537
1324,Crop production,254
1325,Animal production,254
1327,Coal mining,540
1328,Metal ore mining,540
1329,Nonmetallic mineral mining and quarrying,540
1335,Electric power generation,542
1336,"Electric power transmission, control and distribution",542
1337,Water supply and irrigation systems,544
1338,Sewage treatment facilities,544
1339,Steam and air-conditioning supply,544
1340,Residential building construction,545
1341,Nonresidential building construction,545
1342,Utility system construction,546
1343,Land subdivision,546
1344,"Highway, street and bridge construction",546
1345,Miscellaneous heavy and civil engineering construction,546
1346,"Foundation, structure, and building exterior contractors",547
1347,Building equipment contractors,547
1348,Building finishing contractors,547
1349,Miscellaneous specialty trade contractors,547
1350,Animal food manufacturing,548
1351,Grain and oilseed manufacturing,548
1352,Sugar and confectionery product manufacturing,548
1353,Fruit and vegetable preserving and specialty food manufacturing,548
1354,Dairy product manufacturing,548
1355,Animal slaughtering and processing,548
1356,Seafood product preparation and packaging,548
1357,Bakeries and tortilla manufacturing,548
1358,Miscellaneous food manufacturing,548
1359,Beverage manufacturing,549
1360,Tobacco manufacturing,549
1361,"Fiber, yarn and thread mills",550
1362,Fabric mills,550
1363,Textile and fabric finishing and fabric coating mills,550
1364,Textile furnishing mills,550
1365,Miscellaneous textile product mills,550
1366,Apparel knitting mills,552
1367,Cut and sew apparel manufacturing,552
1368,Apparel accessories manufacturing,552
1369,Leather and hide tanning and finishing,553
1370,Footwear manufacturing,553
1371,Handbag and purse manufacturing,553
1372,Miscellaneous leather and allied product manufacturing,553
1373,Sawmills and wood preservation,554
1374,"Veneer, plywood, and engineered wood product manufacturing",554
1375,Miscellaneous wood product manufacturing,554
1376,"Pulp, paper and parboard mills",555
1377,Converted paper product manufacturing,555
1378,Basic chemical manufacturing,558
1379,"Resin, synthetic rubber, artificial and synthetic fibers and filaments manufacturing",558
1380,"Pesticide, fertilizer and other agricultural chemical manufacturing",558
1381,Pharmaceutical and medicine manufacturing,558
1382,"Paint, coating and adhesive manufacturing",558
1383,"Soap, cleaning compound and toilet preparation manufacturing",558
1384,Miscellaneous chemical product and preparation manufacturing,558
1385,Plastics products manufacturing,559
1386,Rubber products manufacturing,559
1387,Clay products and refractory manufacturing,560
1388,Glass and glass products manufacturing,560
1389,Cement and concrete products manufacturing,560
1390,Lime and gypsum products manufacturing,560
1391,Abrasive products manufacturing,560
1392,Cut stone and stone products manufacturing,560
1393,Ground or treated mineral and earth manufacturing,560
1394,Mineral wool manufacturing,560
1395,Miscellaneous nonmetallic mineral products manufacturing,560
1396,Iron and steel mills and ferroalloy manufacturing,561
1397,Steel products manufacturing from purchased steel,561
1398,Alumina and aluminum production and processing,561
1399,Nonferrous metal production and processing,561
1400,Foundries,561
1401,Forging and stamping,562
1402,Cutlery and handtool manufacturing,562
1403,Architectural and structural metals manufacturing,562
1404,"Boiler, tank and shipping container manufacturing",562
1405,Hardware manufacturing,562
1406,Pring and wire products manufacturing,562
1407,"Machine shops, turned product, screw, nut and bolt manufacturing",562
1408,"Coating, engraving, heat treating and allied activities",562
1409,Miscellaneous fabricated metal products manufacturing,562
1410,"Agriculture, construction, and mining machinery manufacturing",563
1411,Industrial machinery manufacturing,563
1412,Commercial and service industry machinery manufacturing,563
1413,"Ventilation, heating, air-conditioning and commercial refrigeration equipment manufacturing",563
1414,Metalworking machinerey manufacturing,563
1415,"Engine, turbine and power transmission equipment manufacturing",563
1416,Miscellaneous general purpose machinery manufacturing,563
1417,Electric lighting equipment manufacturing,564
1418,Household appliance manufacturing,564
1419,Electrical equipment manufacturing,564
1422,Motor vehicle manufacturing,565
1423,Motor vehicle body and trailer manufacturing,565
1424,Motor vehicle parts manufacturing,565
1425,Aerospace product and part manufacturing,565
1426,Railroad rolling stock manufacturing,565
1427,Ship and boat building,565
1428,Miscellaneous transportation equipment manufacturing,565
1429,Household and institutional furniture and kitchen cabinet manufacturing,566
1430,Office furniture and fixtures manufacturing,566
1431,Mattress manufacturing,566
1432,Blind and shade manufacturing,566
1433,Medical equipment and supplies manufacturing,567
1434,Jewelry and silverware manufacturing,567
1435,Sporting and athletic goods manufacturing,567
1436,"Doll, toy and game manufacturing",567
1437,Office supplies manufacturing,567
1438,Sign manufacturing,567
1439,"Gasket, packing and sealing device manufacturing",567
1440,Musical instrument manufacturing,567
1441,"Fastener, button, needle, and pin manufacturing",567
1442,"Broom, brush and mop manufacturing",567
1443,Burial casket manufacturing,567
1444,All other miscellaneous manufacturing,567
1445,Motor vehicle and motor vehicle parts and supplies merchant wholesalers,568
1446,Furniture and home furnishing merchant wholesalers,568
1447,Lumber and other construction materials merchant wholesalers,568
1448,Professional and commercial equipment and supplies merchant wholesalers,568
1449,Metal and mineral wholesalers,568
1450,Household appliances and electrical and electronic goods merchant wholesalers,568
1451,"Hardware, plumbing and heating equipment and supplies merchant wholesalers",568
1452,"Machinery, equipment and supplies merchant wholesalers",568
1453,Miscellaneous durable goods merchant wholesalers,568
1454,Paper and paper product merchant wholesalers,569
1455,Drugs and druggists - sundries merchant wholesalers,569
1456,"Apparels, piece goods, and notions merchant wholesalers",569
1457,Grocery and related product merchant wholesalers,569
1458,Farm product raw materialmerchant wholesalers,569
1459,Chemical and allied products merchant wholesalers,569
1460,Petroleum and petroleum products merchant wholesalers,569
1461,"Beer, wine, and distilled alcoholic beverage merchant wholesalers",569
1462,Miscellaneous nondurable goods merchant wholesalers,569
1463,Florists,581
1464,"Office supplies, stationery, and gift stores",581
1465,Used merchandise stores,581
1466,Other miscellaneous retail stores,581
1467,Electronic shopping and mail-order houses,582
1468,Vending machine operators,582
1469,Direct selling establishments,582
1470,Depository credit intermediation,604
1471,Nondepository credit intermediation,604
1472,Activities related to credit intermediation,604
1473,Securities and commodity contracts intermediation and brokerage,605
1474,Securities and commodity exchanges,605
1475,Other financial investment activities,605
1476,Insurance carriers,606
1477,"Agencies, brokerages, and other insurance related activities",606
1478,Catholic Church,616
1479,Church of the East,616
1480,Esoteric christianity,616
1481,Independent Catholicism,616
1482,Messianic Judaism,616
1483,New thought,616
1484,Nontrinitarianism,616
1485,Orthodox Church,616
1486,Protestant Church,616
1487,Racialist group,616
1488,Restorationist Church,616
1489,Shia Islam,617
1490,Sunni Islam,617
1491,Vertebrate,1192
1492,Invertebrate,1192
1493,Green algae,1169
1494,Bryophytes,1169
1495,Pteridophytes,1169
1496,Seed plants,1169
1497,Fungi,1169
1498,Engineering geology,1224
1499,Geochemistry,1224
1500,Mineralogy,1224
1501,Paleontology,1224
1502,Petrology,1224
1503,Sedimentology,1224
1504,Stratigraphy,1224
1505,Structural geology,1224
1506,Atmospheric sciences,1226
1507,Biogeography,1226
1508,Biogeography,1226
1509,Coastal geography,1226
1510,Geodesy,1226
1511,Geomorphology,1226
1512,Glaciology,1226
1513,Hydrography,1226
1514,Hydrology,1226
1515,Landscape ecology,1226
1516,Oceanography,1226
1517,Paleoclimatology,1226
1518,Paleogeography,1226
1519,Soil science,1226
1520,Athletics,1275
1521,Competitive model sport,1275
1522,Mind sport,1275
1523,Miscellaneous sport,1275
1524,Physical sport,1275
1525,Strength sport,1275
1526,Table sport,1275
1527,Hydrolectricity,1335
1528,Fossil fuel energy,1335
1529,Nuclear power,1335
1530,Solar energy,1335
1531,Wind power,1335
1532,Geothermal energy,1335
1533,Biomass energy,1335
1534,Miscellaneous electrical energy,1335
1535,Commercial banking,1470
1536,Savings institutions,1470
1537,Credit unions,1470
1538,Miscellaneous depository credit intermediation,1470
1539,Credit card issuing,1471
1540,Sales financing,1471
1541,Consumer lending,1471
1542,Real estate credit,1471
1543,International trade financing,1471
1544,Secondary market financing,1471
1545,Miscellaneous nondepository credit intermediation,1471
1546,Mortgage and nonmortgage loan brokers,1472
1547,"Financial transactions processing, reserve and clearinghouse activities",1472
1548,Investment banking and securities dealing,1473
1549,Securities brokerage,1473
1550,Commodity contracts dealing,1473
1551,Commodity contracts brokerage,1473
1552,Anthroposophical society,1480
1553,Archeosophical society,1480
1554,Behmenism,1480
1555,Eccesia gnostica,1480
1556,Freemasonry,1480
1557,Lectorium rosicrucianism,1480
1558,Martinism,1480
1559,Societas rosicruciana,1480
1560,Spiritualist Church,1480
1561,The rosicrucian fellowship,1480
1562,Universal white brotherhood,1480
1563,Arian Catholic Church,1484
1564,Arianism,1484
1565,Bible Student Movement,1484
1566,Christadelphians,1484
1567,Christian science,1484
1568,Christian universalism,1484
1569,Church of Almighty God,1484
1570,Church of God Seventh-day,1484
1571,Church of the Blessed Hope,1484
1572,Iglesia ni cristo,1484
1573,Keraites,1484
1574,Makuya,1484
1575,Members Church of God International,1484
1576,Most Holy Church of God in Christ Jesus,1484
1577,Oneness pentecostalism,1484
1578,Spiritual Christians,1484
1579,Subbotniki,1484
1580,Swedenborgianism,1484
1581,The Way International,1484
1582,Two by Twos,1484
1583,Adventism,1486
1584,Anabaptism,1486
1585,Anglicanism,1486
1586,Calvinism,1486
1587,Evangelicalism,1486
1588,Nonconformism,1486
1589,Pentecostalism,1486
1590,Mormonism,1488
1591,Stone-Campbell Restoration Movement,1488
1594,Liverworts,1494
1595,Hornworts,1494
1596,Mosses,1494
1597,Club mosses,1495
1598,Ferns and horsetails,1495
1599,Cycads,1496
1600,Ginkgo,1496
1601,Conifers,1496
1602,Gnetophytes,1496
1603,Flowering plants,1496
1604,Fish,1491
1605,Tetrapod,1491
1606,Coral and jellyfish family,1492
1607,Invertebrate bilaterian,1492
1608,Sponge,1492
1609,Discus,1520
1610,Hammer throw,1520
1611,High jump,1520
1612,Javelin,1520
1613,Jumping,1520
1614,Long jump,1520
1615,Pole vault,1520
1616,Shot put,1520
1617,Throwing,1520
1618,Triple jump,1520
1619,Model aircraft racing,1521
1620,Model yacht racing,1521
1621,Neppis,1521
1622,Card game,1522
1623,Debating,1522
1624,Quizzing,1522
1625,Speedcubing,1522
1626,Strategy board game,1522
1627,Aizkolaritza,1522
1628,Chess boxing,1523
1629,Competitive eating,1523
1630,Egg and spoon race,1523
1631,Extreme ironing,1523
1632,Ferret legging,1523
1633,Footbag,1523
1634,Haggis hurling,1523
1635,Logrolling,1523
1636,Lumberjack sports,1523
1637,Object spinning,1523
1638,Padiddling,1523
1639,Sack race,1523
1640,Soap shoes,1523
1641,Tennikoit,1523
1642,Tetherball,1523
1643,Three-legged race,1523
1644,Wife-carrying,1523
1645,Acro sport,1524
1646,Air sport,1524
1647,Aquatic and paddle sport,1524
1648,Ball-over-net games,1524
1649,Basketball family,1524
1650,Bat-and-ball,1524
1651,Baton twirling,1524
1652,Board sport,1524
1653,Catch game,1524
1654,Climbing,1524
1655,Combat sport,1524
1656,Cue sport,1524
1657,Cycling,1524
1658,Equine sport,1524
1659,Fantasy Sport,1524
1660,Fishing,1524
1661,Flying disc sport,1524
1662,Football,1524
1663,Golf,1524
1664,Handball family,1524
1665,Hunting,1524
1666,Ice sport,1524
1667,Imaginary Sport,1524
1668,Kite sport,1524
1669,Mixed sports discipline,1524
1670,Motorized sport,1524
1671,Musical sport,1524
1672,Orienteering family,1524
1673,Overlapping sport,1524
1674,Pilota family,1524
1675,Racket sport,1524
1676,Remote control sport,1524
1677,Rodeo-originated,1524
1678,Running,1520
1679,Sailing sport,1524
1680,Shooting sport,1524
1681,Snow sport,1524
1682,Stacking,1524
1683,Stick and ball game,1524
1684,Street sport,1524
1685,Tag game,1524
1686,Target sport,1524
1687,Walking sport,1524
1688,Wall-and-ball,1524
1689,Weightlifting,1524
1690,Arm wrestling,1525
1692,Strongman,1525
1693,Thumb wrestling,1525
1694,Toe wrestling,1525
1695,Tug-o-war,1525
1696,Wood chopping,1525
1697,Wood splitting,1525
1698,Zourkhaneh,1525
1699,Air hockey,1526
1700,Beer Pong,1526
1701,Connect Four,1526
1702,Cue sports,1526
1704,Foosball,1526
1705,Headis,1526
1706,Janggi,1526
1708,Reversi,1526
1709,Subbuteo,1526
1710,Table football,1526
1711,Table hockey,1526
1712,Table tennis,1526
1714,Baptist Church,1587
1715,Lutheranism,1587
1716,Methodism,1587
1717,Reformed Presbyterian Church,1587
1718,Amphibian,1605
1719,Bird,1605
1720,Mammal,1605
1721,Reptile,1605
1722,Invertebrate deuterostome,1607
1723,Protostome,1607
1724,Basal invertebrate,1607
1725,Arimaa,1626
1726,Backgammon,1626
1727,Checkers,1626
1728,Chess,1626
1729,Chinese checkers,1626
1730,Diplomacy,1626
1731,Dominoes,1626
1732,Draughts,1626
1733,Go,1626
1734,Go-Moku,1626
1735,Jacquet,1626
1736,Mahjong,1626
1737,Mancala,1626
1738,Risk,1626
1739,Scrabble,1626
1740,Shogi,1626
1741,Sholo Guti,1626
1742,Sogo,1626
1743,Stratego,1626
1744,Sudoku,1626
1745,Chinese chess,1626
1746,acro,1645
1747,ball acro,1645
1749,Cheerleading,1645
1751,gymnastics,1645
1752,Aerobatics,1646
1753,Air racing,1646
1754,Bungee jumping,1646
1755,Gliding,1646
1756,Hang gliding,1646
1757,Hot air ballooning,1646
1758,Human powered aircraft,1646
1759,Model aircraft,1646
1760,Parachuting,1646
1761,Paragliding,1646
1762,Paramotoring,1646
1763,Ultralight aviation,1646
1764,Biribol,1648
1765,Bossaball,1648
1766,Fistball,1648
1767,Footbag net,1648
1768,Football tennis,1648
1769,Footvolley,1648
1770,Hooverball,1648
1771,Peteca,1648
1772,Sepak takraw,1648
1773,Sipa,1648
1774,Throwball,1648
1775,Volleyball,1648
1776,Wallyball,1648
1777,Basketball,1649
1778,Cestoball,1649
1779,Korfball,1649
1780,Netball,1649
1781,Ringball,1649
1782,Slamball,1649
1783,Baseball,1650
1784,Bat and trap,1650
1785,Brännboll,1650
1786,British baseball,1650
1787,Corkball,1650
1788,Cricket,1650
1789,Danish longball,1650
1790,Kickball,1650
1791,Kilikiti,1650
1792,Lapta,1650
1793,Matball,1650
1794,Oina,1650
1795,Old cat,1650
1796,Over-the-line,1650
1797,Palant,1650
1798,Pesäpallo,1650
1799,Punchball,1650
1800,Rounders,1650
1801,Scrub baseball,1650
1802,Stickball,1650
1803,Stool ball,1650
1804,Tee-ball,1650
1805,The Massachusetts Game,1650
1806,Town ball,1650
1807,Vigoro,1650
1808,Wiffleball,1650
1809,Wireball,1650
1810,Scootering,1652
1811,Skateboarding,1652
1812,Skating sport,1652
1813,Skysurfing,1652
1814,Snowboarding,1652
1815,Streetluge,1652
1816,Surfing,1652
1817,Wakeboarding,1652
1818,Dodgeball,1653
1819,Ga-ga,1653
1820,Keep away,1653
1821,Kin-Ball,1653
1822,Newcomb ball,1653
1823,Quidditch,1653
1824,Rundown,1653
1825,Yukigassen,1653
1826,Abseiling,1654
1827,Aid climbing,1654
1828,Canyoning (Canyoneering),1654
1829,Coasteering,1654
1830,Ice climbing,1654
1831,Mixed climbing,1654
1832,Mountaineering,1654
1833,Pole climbing,1654
1834,Rock climbing,1654
1835,Rope climbing,1654
1836,Grappling,1655
1837,Mixed combat sport,1655
1838,Striking,1655
1839,Weapons,1655
1840,Carom billiards,1656
1841,Hybrid carom–pocket game,1656
1842,Novuss,1656
1843,Obstacle variations,1656
1844,Pocket billiards,1656
1845,Snooker,1656
1846,Table Sports ,1656
1847,Artistic cycling,1657
1848,BMX,1657
1849,Cross-country mountain biking,1657
1850,Cycle polo,1657
1851,Cycle speedway,1657
1852,Cyclo-cross,1657
1853,Dirt jumping,1657
1854,Downhill mountain biking,1657
1855,Freestyle BMX,1657
1856,Hardcourt Bike Polo,1657
1857,Road bicycle racing,1657
1858,Track cycling,1657
1859,Underwater cycling,1657
1860,Mountain unicycling,1657
1861,Unicycle basketball,1657
1862,Unicycle trials,1657
1863,Unicycling,1657
1865,Buzkashi,1658
1866,Campdrafting,1658
1867,Charreada,1658
1868,Chilean rodeo,1658
1869,Cirit,1658
1870,Cross country,1658
1871,Cutting,1658
1872,Dressage,1658
1873,Endurance riding,1658
1874,English pleasure,1658
1875,Equestrian vaulting,1658
1876,Equitation,1658
1877,Eventing,1658
1878,Gymkhana,1658
1879,Harness racing,1658
1880,Horse racing,1658
1881,Horseball,1658
1882,Hunter,1658
1883,Hunter-jumpers,1658
1884,Jousting,1658
1885,Pato,1658
1886,Reining,1658
1887,Rodeo,1658
1888,Show jumping,1658
1889,Steeplechase,1658
1890,Team penning,1658
1891,Tent pegging,1658
1892,Western pleasure,1658
1893,Angling,1660
1894,Big-game fishing,1660
1895,Casting,1660
1896,Fly fishing,1660
1897,Ice fishing,1660
1898,Noodling,1660
1899,Rock fishing,1660
1900,Spearfishing,1660
1901,Sport fishing,1660
1902,Surf fishing,1660
1903,Beach ultimate,1661
1904,Cylinder,1661
1905,Disc dog,1661
1906,Disc golf,1661
1908,Dodge disc,1661
1909,Double disc court,1661
1910,Flutterguts,1661
1911,Freestyle competition,1661
1912,Freestyle flying disc,1661
1913,Goaltimate,1661
1914,Guts,1661
1915,Hot box,1661
1916,Ringo,1661
1917,Ultimate,1661
1918,Ancient football games,1662
1919,Association football,1662
1920,Australian football,1662
1921,English school football games,1662
1922,Gaelic football,1662
1923,Gridiron football,1662
1924,Hybrid codes football,1662
1925,Medieval football,1662
1926,Rugby football,1662
1927,Underwater football,1662
1928,Goalball,1664
1929,hitball,1664
1930,Tchoukball,1664
1931,Team handball,1664
1932,Torball,1664
1933,Water polo,1664
1934,Curling,1666
1935,Figure skating,1666
1936,Miscellaneous ice sports,1666
1937,Kite buggy,1668
1938,Kite fighting,1668
1939,Kite landboarding,1668
1940,Kitesurfing,1668
1941,Parasailing,1668
1942,Snow kiting,1668
1943,Stunt kite,1668
1944,Adventure racing,1669
1945,Biathlon,1669
1946,Decathlon,1669
1947,Duathlon,1669
1948,Heptathlon,1669
1949,Icosathlon,1669
1950,Modern pentathlon,1669
1951,Pentathlon,1669
1952,Tetrathlon,1669
1953,Triathlon,1669
1954,Woodsman,1669
1955,ATV racing,1670
1956,Auto racing,1670
1957,Motorboat racing,1670
1958,Motorcycle racing,1670
1959,Flag spinning,1671
1960,Drum corps,1671
1961,Indoor percussion,1671
1962,Marching band,1671
1963,Geocaching,1672
1964,Letterboxing,1672
1965,Mixed orienteering discipline,1672
1966,Orienteering,1672
1967,Rogaining,1672
1968,Waymarking,1672
1969,American handball,1674
1970,Australian handball,1674
1971,Fives,1674
1972,Four square,1674
1973,Frisian handball,1674
1974,Gaelic handball,1674
1975,Jeu de paume,1674
1976,Palla,1674
1977,Patball,1674
1978,Valencian pilota,1674
1979,Badminton,1675
1981,Basque pelota,1675
1982,Beach tennis,1675
1983,Matkot,1675
1984,Padel,1675
1985,Paleta Frontón,1675
1986,Pelota mixteca,1675
1987,Pickleball,1675
1988,Platform tennis,1675
1989,Qianball,1675
1990,Racketlon,1675
1991,Racquetball,1675
1992,Racquets,1675
1993,Real tennis,1675
1994,Soft tennis,1675
1995,Speed-ball,1675
1996,Speedminton,1675
1997,Squash,1675
1998,Squash tennis,1675
1999,Stické,1675
2001,Tennis,1675
2002,Model aerobatics,1676
2003,RC racing,1676
2004,Robot combat,1676
2005,Slot car racing,1676
2006,Barrel Racing,1677
2007,Bronc Riding,1677
2008,Bullriding,1677
2010,Goat Tying,1677
2011,Roping,1677
2013,Steer Wrestling,1677
2015,Hurdles,1678
2016,Run,1678
2019,Cross-country running,1678
2020,Half marathon,1678
2021,Marathon,1678
2022,Road running,1678
2023,Tower running,1678
2024,Ultramarathon,1678
2025,Dinghy sailing,1679
2026,Ice yachting,1679
2027,Kiteboarding,1679
2028,Land sailing,1679
2029,Land windsurfing,1679
2030,Sailing,1679
2031,Alpine skiing,1681
2032,Cross-country skiing,1681
2033,Freestyle skiing,1681
2034,Nordic combined,1681
2035,Nordic skiing,1681
2036,Ski jumping,1681
2037,Ski touring,1681
2038,Skiing,1681
2039,Skijoring,1681
2040,Sled sport,1681
2041,Speed skiing,1681
2042,Telemark skiing,1681
2043,Hockey,1683
2044,Hornussen,1683
2045,Hurling and shinty,1683
2046,Lacrosse,1683
2047,Polo,1683
2048,Free running,1684
2049,Freestyle footbag,1684
2050,Parkour,1684
2051,Powerbocking,1684
2052,Street workout,1684
2053,British bulldogs,1685
2054,Capture the flag,1685
2055,Hana Ichi Monme,1685
2056,Hide and seek,1685
2057,Jugger,1685
2058,Kabaddi,1685
2059,Kho kho,1685
2060,Kick the can,1685
2061,Oztag,1685
2062,Red rover,1685
2063,Tag,1685
2064,Archery,1686
2065,Bocce,1686
2066,Bocce volo,1686
2067,Boccia,1686
2068,Bolas criollas,1686
2069,Boules,1686
2070,Bowling,1686
2071,Bowls a.k.a. lawn bowls,1686
2072,Calva,1686
2073,Cornhole,1686
2074,Croquet,1686
2075,Darts,1686
2076,Horseshoes,1686
2077,Boule lyonnaise,1686
2078,Knife throwing,1686
2079,Kubb,1686
2080,Pall mall,1686
2081,Pétanque,1686
2082,Pitch and putt,1686
2083,Shooting,1686
2084,Shuffleboard,1686
2085,Skee ball,1686
2086,Skittles,1686
2087,Trugo,1686
2088,Woodball,1686
2089,Backpacking,1687
2090,Bushwhacking,1687
2091,Hiking,1687
2092,Racewalking,1687
2093,Walking,1687
2094,Butts Up,1688
2095,Chinese handball,1688
2096,International fronton,1688
2097,Suicide (game),1688
2098,Valencian frontó,1688
2099,Wallball,1688
2100,Aquatic bird,1719
2101,Arboreal bird,1719
2102,Bird of prey,1719
2104,Flightless bird,1719
2105,Gruiformes,1719
2107,Nocturnal bird,1719
2108,Parrot,1719
2109,Perching bird,1719
2110,Dove family,1719
2115,Eutriconodont early mammal,1720
2116,Platypus and echidna family,1720
2117,Theriiformes mammal,1720
2118,Scaled reptile,1721
2119,Tuatara,1721
2120,Echinoderm,1722
2121,Hemichordate,1722
2122,Invertebrate chordate,1722
2123,arthropod,1723
2124,Eight-legged micro-animal,1723
2125,Mollusc and annelid family,1723
2126,Worm,1723
2127,Baguazhang,1837
2128,Bartitsu,1837
2129,Bujinkan,1837
2130,Hapkido,1837
2131,Hwa Rang Do,1837
2132,Jeet Kune Do,1837
2133,Kajukenbo,1837
2134,Kalarippayattu,1837
2135,Krav Maga,1837
2136,Kuk Sool Won,1837
2137,MCMAP,1837
2138,Mixed martial art,1837
2139,Ninjutsu,1837
2140,Northern Praying Mantis,1837
2141,Pankration,1837
2142,Pencak Silat,1837
2143,Sanshou,1837
2144,Shid?kan Karate,1837
2145,Shoot boxing,1837
2146,Shootfighting,1837
2147,Shorinji Kempo,1837
2148,Sh?rin-ry? Shid?kan,1837
2149,Systema,1837
2150,Tai chi chuan,1837
2151,Vajra-mushti,1837
2152,Vale tudo,1837
2153,Vovinam,1837
2154,Xingyiquan,1837
2155,Axe throwing,1839
2156,Batt?jutsu,1839
2157,Boffer fighting,1839
2158,Egyptian stick fencing,1839
2159,Eskrima,1839
2160,Fencing,1839
2161,Gatka,1839
2162,Hoj?jutsu,1839
2163,Iaid?,1839
2164,Iaijutsu,1839
2165,J?d?,1839
2166,Jogo do pau,1839
2167,J?kend?,1839
2168,Juttejutsu,1839
2169,Kendo,1839
2170,Kenjutsu,1839
2171,Krabi-krabong,1839
2172,Kumdo,1839
2173,Kung fu,1839
2174,Ky?d?,1839
2175,Ky?jutsu,1839
2176,Modern Arnis,1839
2177,Naginatajutsu,1839
2178,Nguni stick-fighting,1839
2179,Okinawan kobud?,1839
2180,Shurikenjutsu,1839
2181,Silambam,1839
2182,Skirmish,1839
2183,S?jutsu,1839
2184,Sword fighting,1839
2186,Wushu,1839
2187,Bokator,1838
2188,Boxing,1838
2189,Capoeira,1838
2190,Choi Kwang-Do,1838
2191,Cockfighting,1838
2192,Fujian White Crane,1838
2193,Karate,1838
2194,Kenp?,1838
2195,Kickboxing,1838
2196,Lethwei,1838
2197,Muay Thai,1838
2198,Pradal serey,1838
2199,San shou,1838
2200,Savate,1838
2201,Shaolin kung fu,1838
2202,Sikaran,1838
2203,Silat,1838
2204,Subak,1838
2205,Taekkyeon,1838
2206,Taekwondo,1838
2207,Taido,1838
2208,Tang Soo Do,1838
2209,Wing Chun,1838
2210,Zui quan,1838
2211,Jorkyball,1919
2212,Paralympic football,1919
2213,Powerchair Football,1919
2214,Reduced variants football,1919
2215,Street football,1919
2216,Swamp football,1919
2217,Three sided football,1919
2218,Metro footy,1920
2219,Nine-a-side footy,1920
2220,Rec footy,1920
2221,American football,1923
2222,Canadian football,1923
2223,American street football,1923
2224,American flag rugby,1926
2225,Beach rugby,1926
2226,Masters Rugby League,1926
2227,Mini footy,1926
2228,Mini rugby,1926
2229,Mod league,1926
2230,Rugby league nines,1926
2231,Rugby league sevens,1926
2232,Rugby sevens,1926
2233,Rugby tens,1926
2234,Snow rugby,1926
2235,Tag rugby,1926
2236,Touch football,1926
2237,Touch rugby,1926
2238,Underwater rugby,1926
2239,Wheelchair rugby league,1926
2240,Autocross slalom,1956
2241,Autograss,1956
2242,Banger racing,1956
2243,Board track racing,1956
2244,Demolition derby,1956
2245,Desert racing,1956
2246,Dirt track racing,1956
2247,Drag racing,1956
2248,Drifting,1956
2249,Folkrace,1956
2250,Formula Libre,1956
2251,Formula racing,1956
2252,Formula Student,1956
2253,Hillclimbing,1956
2254,Ice racing,1956
2255,Kart racing,1956
2256,Land speed records,1956
2257,Legends car racing,1956
2258,Midget car racing,1956
2259,Monster truck,1956
2260,Mud bogging,1956
2261,Off-road racing,1956
2262,Pickup truck racing,1956
2263,Production car racing,1956
2264,Race of Champions,1956
2265,Rally raid,1956
2266,Rallycross,1956
2267,Rallying,1956
2268,Regularity rally,1956
2269,Road racing,1956
2270,Short track motor racing,1956
2271,Snowmobile racing,1956
2272,Sports car racing,1956
2273,Sprint car racing,1956
2274,Stock car racing,1956
2275,Street racing,1956
2276,Time attack,1956
2277,Touring car racing,1956
2278,Tractor pulling,1956
2279,Truck racing,1956
2280,Vintage racing,1956
2281,Wheelstand competition,1956
2282,Drag boat racing,1957
2283,F1 powerboat racing,1957
2284,Hydroplane racing,1957
2285,Jet sprint boat racing,1957
2286,Offshore powerboat racing,1957
2287,Personal water craft,1957
2288,Auto Race,1958
2290,Cross-country rally,1958
2291,Endurance racing,1958
2292,Enduro,1958
2293,Free-style moto,1958
2294,Freestyle motocross,1958
2295,Grand Prix motorcycle racing,1958
2296,Grasstrack,1958
2299,Ice speedway,1958
2301,Motocross,1958
2302,Motorcycle drag racing,1958
2303,Motorcycle speedway,1958
2304,Off-roading,1958
2307,Superbike racing,1958
2308,Supercross,1958
2309,Supermoto,1958
2310,Superside,1958
2311,Supersport racing,1958
2312,Track racing,1958
2313,Trial,1958
2314,TT racing,1958
2315,Extinct allotheria,2117
2316,Extinct dryolestoidea,2117
2317,Extinct zatheria,2117
2318,Holotheria,2117
2319,Marsupial and placental mammal family,2117
2320,Crocodile family,2118
2321,Extinct dinosaur,2118
2322,Non-venomous lizard,2118
2323,Turtle family,2118
2324,Venomous reptile,2118
2325,Lancelet,2122
2326,Tunicate,2122
2327,Arachnid family,2123
2328,Crustacean,2123
2329,Insect,2123
2330,Millipede and centipede family,2123
2331,Marsupial,2319
2332,Placental mammal,2319
2333,Atlantogenata clade,2332
2334,Laurasiatherian mammal,2332
2335,Supraprimate,2332
2336,Afrotherian mammal,2333
2337,Anteater and sloth family,2333
2338,Armored placental mammal,2333
2339,Bat,2334
2340,Carnivorous mammal,2334
2341,Pangolin,2334
2342,Truly fat and blind mammal,2334
2343,Ungulate mammal,2334
2344,Colugo,2335
2345,Extinct plesiadapiformes,2335
2346,Lagomorph,2335
2347,Primate,2335
2348,Rodent,2335
2349,Treeshrew,2335
2350,Afroinsectiphilia mammal,2336
2351,Elephant and hyrax family,2336
2352,Embrithopoda and desmostylia,2336
2353,Canid,2340
2354,Felid,2340
2355,Camel family,2343
2356,Cetacea family,2343
2357,Even-toed ungulate,2343
2358,Odd-toed ungulate,2343
2359,Omnivorous ungulate,2357
2360,Ruminant,2357
2361,Lemur galago and lorisid family,2347
2362,Monkey and ape family,2347
2363,Tarsier,2347
2364,Matrix theory,45
